hyperparameter,corr_gap_ratio,corr_empirical_epsilon,corr_clean_accuracy,normalized_variance
noise_multiplier,-0.45782656305533653,0.05960775628773332,0.006108776144583783,0.32889058071721516
max_grad_norm,-0.2200615876804676,-0.17977412687801753,0.9925711723059196,0.25175440748900674
svd_scale,-0.0012354170996084523,0.022729119625734918,-4.2883344256494135e-18,0.6279858256227593
alpha,7.527845636306987e-17,2.1544836891848462e-16,1.4536107255362758e-14,6.98758849362898e-18
